{
    "auth0": {
        "domain": "YOUR DOMAIN",
        "clientID": "YOUR CLIENTID",
        "redirectUri": "YOUR REDIRECT URI"
    },
    "firebase": {
        "apiKey": "YOUR API KEY",
        "authDomain": "YOUR AUTHDOMAIN",
        "projectId": "YOUR PROJECTID",
        "storageBucket": "YOUR DATA",
        "messagingSenderId": "YOUR SENDERID",
        "appId": "YOURAPPID",
        "measurementId": "YOURMEASUREMENTID"
    },
    "jwt_token": "eyJhbGciOiJIUzI1NiIsInR5cCI6IkpXVCJ9.eyJ1c2VybmFtZSI6IkpvaG4iLCJwYXNzd29yZCI6IjEyMzQ1NiJ9.vPN0PhthyTuf9l3912NksmpzHXvWjZ7Nywhe22GK2zI"
}